Antecedents,Consequent,Support,Confidence,Lift,Leverage,Conviction,Minimum Support,Enriched Sample Rows,Fraud Rows,Legitimate Rows
V10_Low AND V12_Low AND V14_Low AND V16_Low AND V3_Low,Class_Fraud,0.12874779541446207,1.0,6.0,0.10728982951205174,inf,0.03,2268,378,1890
V10_Low AND V12_Low AND V16_Low AND V17_Low AND V3_Low,Class_Fraud,0.12566137566137567,1.0,6.0,0.10471781305114639,inf,0.03,2268,378,1890
V10_Low AND V14_Low AND V16_Low AND V17_Low AND V3_Low,Class_Fraud,0.1247795414462081,1.0,6.0,0.10398295120517342,inf,0.03,2268,378,1890
V10_Low AND V12_Low AND V14_Low AND V16_Low AND V17_Low AND V3_Low,Class_Fraud,0.1247795414462081,1.0,6.0,0.10398295120517342,inf,0.03,2268,378,1890
Amount_Low AND V10_Low AND V12_Low AND V14_Low AND V16_Low AND V3_Low,Class_Fraud,0.06966490299823633,1.0,6.0,0.05805408583186361,inf,0.03,2268,378,1890
Amount_Low AND V10_Low AND V16_Low AND V17_Low AND V3_Low,Class_Fraud,0.06701940035273368,1.0,6.0,0.05584950029394474,inf,0.03,2268,378,1890
Amount_Low AND V10_Low AND V12_Low AND V17_Low AND V3_Low,Class_Fraud,0.06701940035273368,1.0,6.0,0.05584950029394474,inf,0.03,2268,378,1890
Amount_Low AND V10_Low AND V12_Low AND V16_Low AND V17_Low AND V3_Low,Class_Fraud,0.06701940035273368,1.0,6.0,0.05584950029394474,inf,0.03,2268,378,1890
Amount_Low AND V10_Low AND V14_Low AND V16_Low AND V17_Low AND V3_Low,Class_Fraud,0.06613756613756613,1.0,6.0,0.05511463844797178,inf,0.03,2268,378,1890
Amount_Low AND V10_Low AND V12_Low AND V14_Low AND V17_Low AND V3_Low,Class_Fraud,0.06613756613756613,1.0,6.0,0.05511463844797178,inf,0.03,2268,378,1890
Amount_Low AND V10_Low AND V12_Low AND V14_Low AND V16_Low AND V17_Low AND V3_Low,Class_Fraud,0.06613756613756613,1.0,6.0,0.05511463844797178,inf,0.03,2268,378,1890
Amount_Medium AND V12_Low AND V14_Low AND V16_Low AND V17_Low AND V3_Low,Class_Fraud,0.04056437389770723,1.0,6.0,0.03380364491475602,inf,0.03,2268,378,1890
Amount_Medium AND V10_Low AND V14_Low AND V16_Low AND V3_Low,Class_Fraud,0.03968253968253968,1.0,6.0,0.03306878306878307,inf,0.03,2268,378,1890
Amount_Medium AND V10_Low AND V12_Low AND V14_Low AND V16_Low AND V3_Low,Class_Fraud,0.03968253968253968,1.0,6.0,0.03306878306878307,inf,0.03,2268,378,1890
Amount_Medium AND V10_Low AND V12_Low AND V14_Low AND V16_Low AND V17_Low,Class_Fraud,0.03968253968253968,1.0,6.0,0.03306878306878307,inf,0.03,2268,378,1890
Amount_Medium AND V10_Low AND V14_Low AND V16_Low AND V17_Low AND V3_Low,Class_Fraud,0.039241622574955906,1.0,6.0,0.032701352145796586,inf,0.03,2268,378,1890
Amount_Medium AND V10_Low AND V12_Low AND V16_Low AND V17_Low AND V3_Low,Class_Fraud,0.039241622574955906,1.0,6.0,0.032701352145796586,inf,0.03,2268,378,1890
Amount_Medium AND V10_Low AND V12_Low AND V14_Low AND V16_Low AND V17_Low AND V3_Low,Class_Fraud,0.039241622574955906,1.0,6.0,0.032701352145796586,inf,0.03,2268,378,1890
Time_Morning AND V10_Low AND V12_Low AND V16_Low AND V3_Low,Class_Fraud,0.03571428571428571,1.0,6.0,0.02976190476190476,inf,0.03,2268,378,1890
Time_Morning AND V10_Low AND V12_Low AND V14_Low AND V16_Low AND V3_Low,Class_Fraud,0.03527336860670194,1.0,6.0,0.029394473838918283,inf,0.03,2268,378,1890
Time_Morning AND V10_Low AND V12_Low AND V16_Low AND V17_Low,Class_Fraud,0.03439153439153439,1.0,6.0,0.028659611992945325,inf,0.03,2268,378,1890
Time_Morning AND V10_Low AND V12_Low AND V14_Low AND V16_Low AND V17_Low,Class_Fraud,0.03439153439153439,1.0,6.0,0.028659611992945325,inf,0.03,2268,378,1890
Time_Morning AND V10_Low AND V14_Low AND V17_Low AND V3_Low,Class_Fraud,0.033950617283950615,1.0,6.0,0.028292181069958847,inf,0.03,2268,378,1890
Time_Morning AND V10_Low AND V12_Low AND V17_Low AND V3_Low,Class_Fraud,0.033950617283950615,1.0,6.0,0.028292181069958847,inf,0.03,2268,378,1890
Time_Morning AND V10_Low AND V12_Low AND V14_Low AND V17_Low AND V3_Low,Class_Fraud,0.033950617283950615,1.0,6.0,0.028292181069958847,inf,0.03,2268,378,1890
Time_Morning AND V10_Low AND V14_Low AND V16_Low AND V17_Low AND V3_Low,Class_Fraud,0.033950617283950615,1.0,6.0,0.028292181069958847,inf,0.03,2268,378,1890
Time_Morning AND V10_Low AND V12_Low AND V16_Low AND V17_Low AND V3_Low,Class_Fraud,0.033950617283950615,1.0,6.0,0.028292181069958847,inf,0.03,2268,378,1890
Time_Morning AND V10_Low AND V12_Low AND V14_Low AND V16_Low AND V17_Low AND V3_Low,Class_Fraud,0.033950617283950615,1.0,6.0,0.028292181069958847,inf,0.03,2268,378,1890
Time_Afternoon AND V10_Low AND V14_Low AND V16_Low AND V3_Low,Class_Fraud,0.033950617283950615,1.0,6.0,0.028292181069958847,inf,0.03,2268,378,1890
Time_Afternoon AND V10_Low AND V12_Low AND V14_Low AND V16_Low AND V3_Low,Class_Fraud,0.033950617283950615,1.0,6.0,0.028292181069958847,inf,0.03,2268,378,1890
Time_Afternoon AND V10_Low AND V12_Low AND V16_Low AND V17_Low AND V3_Low,Class_Fraud,0.033950617283950615,1.0,6.0,0.028292181069958847,inf,0.03,2268,378,1890
Time_Afternoon AND V10_Low AND V14_Low AND V16_Low AND V17_Low AND V3_Low,Class_Fraud,0.033950617283950615,1.0,6.0,0.028292181069958847,inf,0.03,2268,378,1890
Time_Afternoon AND V10_Low AND V12_Low AND V14_Low AND V16_Low AND V17_Low AND V3_Low,Class_Fraud,0.033950617283950615,1.0,6.0,0.028292181069958847,inf,0.03,2268,378,1890
Time_Night AND V12_Low AND V16_Low AND V17_Low,Class_Fraud,0.03262786596119929,1.0,6.0,0.027189888300999412,inf,0.03,2268,378,1890
Time_Night AND V16_Low AND V17_Low AND V3_Low,Class_Fraud,0.03262786596119929,1.0,6.0,0.027189888300999412,inf,0.03,2268,378,1890
Time_Night AND V12_Low AND V16_Low AND V17_Low AND V3_Low,Class_Fraud,0.03262786596119929,1.0,6.0,0.027189888300999412,inf,0.03,2268,378,1890
Time_Night AND V10_Low AND V14_Low AND V16_Low,Class_Fraud,0.03218694885361552,1.0,6.0,0.026822457378012934,inf,0.03,2268,378,1890
Time_Night AND V10_Low AND V12_Low AND V14_Low AND V16_Low,Class_Fraud,0.03218694885361552,1.0,6.0,0.026822457378012934,inf,0.03,2268,378,1890
Time_Night AND V10_Low AND V14_Low AND V16_Low AND V3_Low,Class_Fraud,0.03218694885361552,1.0,6.0,0.026822457378012934,inf,0.03,2268,378,1890
Time_Night AND V10_Low AND V12_Low AND V14_Low AND V16_Low AND V3_Low,Class_Fraud,0.03218694885361552,1.0,6.0,0.026822457378012934,inf,0.03,2268,378,1890
Time_Night AND V12_Low AND V14_Low AND V17_Low,Class_Fraud,0.03218694885361552,1.0,6.0,0.026822457378012934,inf,0.03,2268,378,1890
Time_Night AND V14_Low AND V17_Low AND V3_Low,Class_Fraud,0.03218694885361552,1.0,6.0,0.026822457378012934,inf,0.03,2268,378,1890
Time_Night AND V12_Low AND V14_Low AND V17_Low AND V3_Low,Class_Fraud,0.03218694885361552,1.0,6.0,0.026822457378012934,inf,0.03,2268,378,1890
Time_Night AND V12_Low AND V14_Low AND V16_Low AND V17_Low,Class_Fraud,0.031746031746031744,1.0,6.0,0.026455026455026454,inf,0.03,2268,378,1890
Time_Night AND V14_Low AND V16_Low AND V17_Low AND V3_Low,Class_Fraud,0.031746031746031744,1.0,6.0,0.026455026455026454,inf,0.03,2268,378,1890
Time_Night AND V12_Low AND V14_Low AND V16_Low AND V17_Low AND V3_Low,Class_Fraud,0.031746031746031744,1.0,6.0,0.026455026455026454,inf,0.03,2268,378,1890
Time_Night AND V10_Low AND V17_Low AND V3_Low,Class_Fraud,0.031746031746031744,1.0,6.0,0.026455026455026454,inf,0.03,2268,378,1890
Time_Night AND V10_Low AND V12_Low AND V16_Low AND V17_Low,Class_Fraud,0.031746031746031744,1.0,6.0,0.026455026455026454,inf,0.03,2268,378,1890
Time_Night AND V10_Low AND V16_Low AND V17_Low AND V3_Low,Class_Fraud,0.031746031746031744,1.0,6.0,0.026455026455026454,inf,0.03,2268,378,1890
Time_Night AND V10_Low AND V12_Low AND V17_Low AND V3_Low,Class_Fraud,0.031746031746031744,1.0,6.0,0.026455026455026454,inf,0.03,2268,378,1890
Time_Night AND V10_Low AND V12_Low AND V16_Low AND V17_Low AND V3_Low,Class_Fraud,0.031746031746031744,1.0,6.0,0.026455026455026454,inf,0.03,2268,378,1890
Time_Night AND V10_Low AND V14_Low AND V17_Low,Class_Fraud,0.030864197530864196,1.0,6.0,0.0257201646090535,inf,0.03,2268,378,1890
Time_Night AND V10_Low AND V14_Low AND V16_Low AND V17_Low,Class_Fraud,0.030864197530864196,1.0,6.0,0.0257201646090535,inf,0.03,2268,378,1890
Time_Night AND V10_Low AND V12_Low AND V14_Low AND V17_Low,Class_Fraud,0.030864197530864196,1.0,6.0,0.0257201646090535,inf,0.03,2268,378,1890
Time_Night AND V10_Low AND V14_Low AND V17_Low AND V3_Low,Class_Fraud,0.030864197530864196,1.0,6.0,0.0257201646090535,inf,0.03,2268,378,1890
Time_Night AND V10_Low AND V12_Low AND V14_Low AND V16_Low AND V17_Low,Class_Fraud,0.030864197530864196,1.0,6.0,0.0257201646090535,inf,0.03,2268,378,1890
Time_Night AND V10_Low AND V14_Low AND V16_Low AND V17_Low AND V3_Low,Class_Fraud,0.030864197530864196,1.0,6.0,0.0257201646090535,inf,0.03,2268,378,1890
Time_Night AND V10_Low AND V12_Low AND V14_Low AND V17_Low AND V3_Low,Class_Fraud,0.030864197530864196,1.0,6.0,0.0257201646090535,inf,0.03,2268,378,1890
Time_Night AND V10_Low AND V12_Low AND V14_Low AND V16_Low AND V17_Low AND V3_Low,Class_Fraud,0.030864197530864196,1.0,6.0,0.0257201646090535,inf,0.03,2268,378,1890
V10_Low AND V14_Low AND V16_Low AND V3_Low,Class_Fraud,0.12874779541446207,0.9965870307167234,5.9795221843003405,0.10721634332745443,244.1666666666551,0.03,2268,378,1890
V10_Low AND V12_Low AND V14_Low AND V16_Low AND V17_Low,Class_Fraud,0.12522045855379188,0.9964912280701753,5.978947368421053,0.1042768959435626,237.49999999999176,0.03,2268,378,1890
V10_Low AND V12_Low AND V14_Low AND V17_Low AND V3_Low,Class_Fraud,0.12522045855379188,0.9964912280701753,5.978947368421053,0.1042768959435626,237.49999999999176,0.03,2268,378,1890
Amount_Low AND V10_Low AND V12_Low AND V14_Low AND V16_Low,Class_Fraud,0.06966490299823633,0.9937106918238994,5.962264150943397,0.05798059964726631,132.50000000000003,0.03,2268,378,1890
Amount_Low AND V10_Low AND V14_Low AND V16_Low AND V3_Low,Class_Fraud,0.06966490299823633,0.9937106918238994,5.962264150943397,0.05798059964726631,132.50000000000003,0.03,2268,378,1890
Amount_Low AND V10_Low AND V12_Low AND V16_Low AND V17_Low,Class_Fraud,0.06701940035273368,0.9934640522875817,5.96078431372549,0.05577601410934744,127.50000000000045,0.03,2268,378,1890
Amount_Low AND V10_Low AND V14_Low AND V17_Low AND V3_Low,Class_Fraud,0.06613756613756613,0.9933774834437086,5.960264900662252,0.055041152263374485,125.8333333333327,0.03,2268,378,1890
Amount_Low AND V10_Low AND V12_Low AND V14_Low AND V16_Low AND V17_Low,Class_Fraud,0.06613756613756613,0.9933774834437086,5.960264900662252,0.055041152263374485,125.8333333333327,0.03,2268,378,1890
V10_Low AND V12_Low AND V16_Low AND V17_Low,Class_Fraud,0.12610229276895943,0.9896193771626296,5.937716262975778,0.10486478542034097,80.27777777777655,0.03,2268,378,1890
V10_Low AND V14_Low AND V17_Low AND V3_Low,Class_Fraud,0.12522045855379188,0.989547038327526,5.937282229965156,0.10412992357436801,79.72222222222119,0.03,2268,378,1890
Amount_Medium AND V12_Low AND V14_Low AND V16_Low AND V17_Low,Class_Fraud,0.041005291005291,0.9893617021276596,5.936170212765958,0.03409758965314521,78.33333333333363,0.03,2268,378,1890
Amount_Medium AND V10_Low AND V12_Low AND V16_Low AND V3_Low,Class_Fraud,0.03968253968253968,0.989010989010989,5.934065934065934,0.032995296884185774,75.83333333333361,0.03,2268,378,1890
Amount_Medium AND V10_Low AND V12_Low AND V14_Low AND V17_Low,Class_Fraud,0.03968253968253968,0.989010989010989,5.934065934065934,0.032995296884185774,75.83333333333361,0.03,2268,378,1890
Amount_Medium AND V10_Low AND V12_Low AND V16_Low AND V17_Low,Class_Fraud,0.03968253968253968,0.989010989010989,5.934065934065934,0.032995296884185774,75.83333333333361,0.03,2268,378,1890
Amount_Medium AND V10_Low AND V12_Low AND V17_Low AND V3_Low,Class_Fraud,0.039241622574955906,0.9888888888888889,5.933333333333334,0.03262786596119929,75.00000000000027,0.03,2268,378,1890
Amount_Medium AND V10_Low AND V12_Low AND V14_Low AND V17_Low AND V3_Low,Class_Fraud,0.039241622574955906,0.9888888888888889,5.933333333333334,0.03262786596119929,75.00000000000027,0.03,2268,378,1890
Time_Morning AND V10_Low AND V12_Low AND V14_Low AND V16_Low,Class_Fraud,0.036155202821869487,0.9879518072289156,5.927710843373494,0.030055849500293944,69.16666666666644,0.03,2268,378,1890
Time_Morning AND V10_Low AND V14_Low AND V16_Low AND V3_Low,Class_Fraud,0.03527336860670194,0.9876543209876543,5.925925925925926,0.029320987654320986,67.4999999999997,0.03,2268,378,1890
Time_Morning AND V12_Low AND V14_Low AND V16_Low AND V17_Low AND V3_Low,Class_Fraud,0.034832451499118164,0.9875,5.925000000000001,0.02895355673133451,66.66666666666691,0.03,2268,378,1890
Time_Morning AND V10_Low AND V14_Low AND V16_Low AND V17_Low,Class_Fraud,0.03439153439153439,0.9873417721518988,5.924050632911393,0.02858612580834803,65.83333333333356,0.03,2268,378,1890
Time_Afternoon AND V10_Low AND V12_Low AND V17_Low AND V3_Low,Class_Fraud,0.03439153439153439,0.9873417721518988,5.924050632911393,0.02858612580834803,65.83333333333356,0.03,2268,378,1890
Time_Afternoon AND V10_Low AND V12_Low AND V14_Low AND V17_Low AND V3_Low,Class_Fraud,0.03439153439153439,0.9873417721518988,5.924050632911393,0.02858612580834803,65.83333333333356,0.03,2268,378,1890
Time_Morning AND V10_Low AND V16_Low AND V17_Low AND V3_Low,Class_Fraud,0.033950617283950615,0.9871794871794872,5.923076923076923,0.02821869488536155,65.00000000000023,0.03,2268,378,1890
Time_Afternoon AND V10_Low AND V12_Low AND V16_Low AND V3_Low,Class_Fraud,0.033950617283950615,0.9871794871794872,5.923076923076923,0.02821869488536155,65.00000000000023,0.03,2268,378,1890
Time_Afternoon AND V10_Low AND V12_Low AND V14_Low AND V16_Low AND V17_Low,Class_Fraud,0.033950617283950615,0.9871794871794872,5.923076923076923,0.02821869488536155,65.00000000000023,0.03,2268,378,1890
Time_Night AND V10_Low AND V14_Low AND V3_Low,Class_Fraud,0.03350970017636684,0.987012987012987,5.922077922077922,0.027851263962375073,64.16666666666664,0.03,2268,378,1890
Time_Night AND V10_Low AND V12_Low AND V14_Low AND V3_Low,Class_Fraud,0.03350970017636684,0.987012987012987,5.922077922077922,0.027851263962375073,64.16666666666664,0.03,2268,378,1890
Time_Night AND V14_Low AND V16_Low AND V3_Low,Class_Fraud,0.03306878306878307,0.9868421052631579,5.921052631578948,0.027483833039388596,63.33333333333314,0.03,2268,378,1890
Time_Night AND V12_Low AND V14_Low AND V16_Low AND V3_Low,Class_Fraud,0.03306878306878307,0.9868421052631579,5.921052631578948,0.027483833039388596,63.33333333333314,0.03,2268,378,1890
Time_Night AND V12_Low AND V17_Low AND V3_Low,Class_Fraud,0.03306878306878307,0.9868421052631579,5.921052631578948,0.027483833039388596,63.33333333333314,0.03,2268,378,1890
Time_Night AND V14_Low AND V16_Low AND V17_Low,Class_Fraud,0.031746031746031744,0.9863013698630136,5.917808219178082,0.02638154027042916,60.833333333333094,0.03,2268,378,1890
V12_Low AND V14_Low AND V16_Low AND V17_Low AND V3_Low,Class_Fraud,0.12654320987654322,0.9862542955326461,5.917525773195877,0.10515873015873017,60.62500000000022,0.03,2268,378,1890
V10_Low AND V12_Low AND V17_Low AND V3_Low,Class_Fraud,0.12610229276895943,0.9862068965517241,5.917241379310345,0.10479129923574368,60.41666666666655,0.03,2268,378,1890
V10_Low AND V12_Low AND V16_Low AND V3_Low,Class_Fraud,0.1300705467372134,0.9833333333333334,5.9,0.1080246913580247,50.00000000000018,0.03,2268,378,1890
V10_Low AND V16_Low AND V17_Low AND V3_Low,Class_Fraud,0.12566137566137567,0.9827586206896552,5.8965517241379315,0.10435038212815992,48.33333333333355,0.03,2268,378,1890
V10_Low AND V14_Low AND V16_Low AND V17_Low,Class_Fraud,0.12522045855379188,0.9826989619377161,5.896193771626297,0.10398295120517342,48.16666666666624,0.03,2268,378,1890
Amount_Low AND V10_Low AND V12_Low AND V16_Low AND V3_Low,Class_Fraud,0.07054673721340388,0.9815950920245399,5.88957055214724,0.05856848912404468,45.27777777777777,0.03,2268,378,1890
Amount_Low AND V10_Low AND V14_Low AND V16_Low AND V17_Low,Class_Fraud,0.06613756613756613,0.9803921568627451,5.882352941176471,0.05489417989417989,42.499999999999915,0.03,2268,378,1890
V10_Low AND V12_Low AND V14_Low AND V16_Low,Class_Fraud,0.12962962962962962,0.98,5.88,0.10758377425044091,41.66666666666663,0.03,2268,378,1890
V12_Low AND V14_Low AND V17_Low AND V3_Low,Class_Fraud,0.12742504409171077,0.9796610169491525,5.877966101694915,0.10574661963550853,40.9722222222222,0.03,2268,378,1890
Amount_Medium AND V12_Low AND V14_Low AND V17_Low AND V3_Low,Class_Fraud,0.04056437389770723,0.9787234042553191,5.872340425531915,0.033656672545561435,39.166666666666615,0.03,2268,378,1890
Amount_Medium AND V10_Low AND V12_Low AND V14_Low AND V16_Low,Class_Fraud,0.040123456790123455,0.978494623655914,5.870967741935484,0.033289241622574954,38.750000000000036,0.03,2268,378,1890
Amount_Medium AND V10_Low AND V14_Low AND V16_Low AND V17_Low,Class_Fraud,0.03968253968253968,0.9782608695652174,5.869565217391305,0.03292181069958847,38.333333333333364,0.03,2268,378,1890
Amount_Medium AND V10_Low AND V14_Low AND V17_Low AND V3_Low,Class_Fraud,0.039241622574955906,0.978021978021978,5.868131868131869,0.032554379776602,37.916666666666615,0.03,2268,378,1890
Time_Morning AND V12_Low AND V14_Low AND V16_Low AND V17_Low,Class_Fraud,0.03527336860670194,0.975609756097561,5.853658536585366,0.029247501469723693,34.166666666666636,0.03,2268,378,1890
Time_Morning AND V12_Low AND V14_Low AND V17_Low AND V3_Low,Class_Fraud,0.034832451499118164,0.9753086419753086,5.851851851851852,0.028880070546737212,33.75,0.03,2268,378,1890
Time_Morning AND V10_Low AND V12_Low AND V14_Low AND V17_Low,Class_Fraud,0.03439153439153439,0.975,5.8500000000000005,0.028512639623750734,33.33333333333331,0.03,2268,378,1890
Time_Afternoon AND V10_Low AND V14_Low AND V17_Low AND V3_Low,Class_Fraud,0.03439153439153439,0.975,5.8500000000000005,0.028512639623750734,33.33333333333331,0.03,2268,378,1890
Time_Night AND V10_Low AND V14_Low,Class_Fraud,0.03439153439153439,0.975,5.8500000000000005,0.028512639623750734,33.33333333333331,0.03,2268,378,1890
Time_Night AND V10_Low AND V12_Low AND V14_Low,Class_Fraud,0.03439153439153439,0.975,5.8500000000000005,0.028512639623750734,33.33333333333331,0.03,2268,378,1890
Time_Afternoon AND V10_Low AND V16_Low AND V17_Low AND V3_Low,Class_Fraud,0.033950617283950615,0.9746835443037974,5.848101265822785,0.028145208700764257,32.916666666666636,0.03,2268,378,1890
Time_Afternoon AND V10_Low AND V14_Low AND V16_Low AND V17_Low,Class_Fraud,0.033950617283950615,0.9746835443037974,5.848101265822785,0.028145208700764257,32.916666666666636,0.03,2268,378,1890
Amount_Low AND V12_Low AND V14_Low AND V17_Low AND V3_Low,Class_Fraud,0.06657848324514991,0.9741935483870968,5.845161290322581,0.05518812463256907,32.29166666666672,0.03,2268,378,1890
Amount_Low AND V12_Low AND V14_Low AND V16_Low AND V17_Low AND V3_Low,Class_Fraud,0.06657848324514991,0.9741935483870968,5.845161290322581,0.05518812463256907,32.29166666666672,0.03,2268,378,1890
Time_Night AND V12_Low AND V14_Low AND V16_Low,Class_Fraud,0.03306878306878307,0.974025974025974,5.8441558441558445,0.0274103468547913,32.08333333333332,0.03,2268,378,1890
Time_Night AND V14_Low AND V17_Low,Class_Fraud,0.03218694885361552,0.9733333333333334,5.840000000000001,0.02667548500881834,31.25000000000006,0.03,2268,378,1890
Time_Night AND V10_Low AND V16_Low AND V17_Low,Class_Fraud,0.031746031746031744,0.972972972972973,5.837837837837839,0.026308054085831863,30.833333333333396,0.03,2268,378,1890
Time_Night AND V10_Low AND V12_Low AND V17_Low,Class_Fraud,0.031746031746031744,0.972972972972973,5.837837837837839,0.026308054085831863,30.833333333333396,0.03,2268,378,1890
V12_Low AND V14_Low AND V16_Low AND V17_Low,Class_Fraud,0.12698412698412698,0.9696969696969696,5.818181818181818,0.10515873015873015,27.499999999999925,0.03,2268,378,1890
V10_Low AND V12_Low AND V14_Low AND V17_Low,Class_Fraud,0.12566137566137567,0.9693877551020409,5.816326530612246,0.10405643738977073,27.222222222222292,0.03,2268,378,1890
Amount_Medium AND V12_Low AND V16_Low AND V17_Low AND V3_Low,Class_Fraud,0.04056437389770723,0.968421052631579,5.810526315789474,0.033583186360964135,26.3888888888889,0.03,2268,378,1890
Amount_Low AND V10_Low AND V12_Low AND V14_Low AND V17_Low,Class_Fraud,0.06613756613756613,0.967741935483871,5.806451612903226,0.0547472075249853,25.833333333333357,0.03,2268,378,1890
Amount_Medium AND V10_Low AND V16_Low AND V17_Low AND V3_Low,Class_Fraud,0.039241622574955906,0.967391304347826,5.804347826086957,0.0324808935920047,25.55555555555553,0.03,2268,378,1890
Time_Morning AND V12_Low AND V14_Low AND V16_Low AND V3_Low,Class_Fraud,0.036155202821869487,0.9647058823529412,5.788235294117648,0.029908877131099354,23.61111111111112,0.03,2268,378,1890
Time_Afternoon AND V10_Low AND V12_Low AND V16_Low AND V17_Low,Class_Fraud,0.033950617283950615,0.9625,5.775,0.02807172251616696,22.222222222222236,0.03,2268,378,1890
Time_Afternoon AND V12_Low AND V14_Low AND V16_Low AND V17_Low AND V3_Low,Class_Fraud,0.033950617283950615,0.9625,5.775,0.02807172251616696,22.222222222222236,0.03,2268,378,1890
Amount_Low AND V10_Low AND V17_Low AND V3_Low,Class_Fraud,0.06701940035273368,0.9620253164556962,5.772151898734178,0.055408583186360966,21.944444444444457,0.03,2268,378,1890
Time_Night AND V14_Low AND V16_Low,Class_Fraud,0.03306878306878307,0.9615384615384616,5.76923076923077,0.027336860670194002,21.666666666666682,0.03,2268,378,1890
Time_Night AND V17_Low AND V3_Low,Class_Fraud,0.03306878306878307,0.9615384615384616,5.76923076923077,0.027336860670194002,21.666666666666682,0.03,2268,378,1890
Time_Night AND V16_Low AND V17_Low,Class_Fraud,0.03262786596119929,0.961038961038961,5.766233766233767,0.026969429747207525,21.388888888888882,0.03,2268,378,1890
Amount_Medium AND V14_Low AND V16_Low AND V17_Low AND V3_Low,Class_Fraud,0.04056437389770723,0.9583333333333334,5.750000000000001,0.03350970017636684,20.000000000000018,0.03,2268,378,1890
V12_Low AND V14_Low AND V16_Low AND V3_Low,Class_Fraud,0.13051146384479717,0.9579288025889967,5.747572815533981,0.10780423280423279,19.80769230769228,0.03,2268,378,1890
V12_Low AND V16_Low AND V17_Low AND V3_Low,Class_Fraud,0.1283068783068783,0.9572368421052633,5.74342105263158,0.10596707818930043,19.487179487179542,0.03,2268,378,1890
Time_Night AND V12_Low AND V14_Low AND V3_Low,Class_Fraud,0.03571428571428571,0.9529411764705882,5.7176470588235295,0.02946796002351558,17.708333333333314,0.03,2268,378,1890
Time_Morning AND V12_Low AND V16_Low AND V17_Low AND V3_Low,Class_Fraud,0.03527336860670194,0.9523809523809523,5.714285714285714,0.0291005291005291,17.499999999999982,0.03,2268,378,1890
Amount_Low AND V12_Low AND V14_Low AND V16_Low AND V3_Low,Class_Fraud,0.0701058201058201,0.9520958083832335,5.712574850299402,0.05783362727807172,17.395833333333318,0.03,2268,378,1890
Time_Morning AND V10_Low AND V16_Low AND V17_Low,Class_Fraud,0.03439153439153439,0.9512195121951219,5.7073170731707314,0.028365667254556144,17.083333333333318,0.03,2268,378,1890
Time_Afternoon AND V12_Low AND V14_Low AND V17_Low AND V3_Low,Class_Fraud,0.03439153439153439,0.9512195121951219,5.7073170731707314,0.028365667254556144,17.083333333333318,0.03,2268,378,1890
Time_Afternoon AND V10_Low AND V12_Low AND V14_Low AND V17_Low,Class_Fraud,0.03439153439153439,0.9512195121951219,5.7073170731707314,0.028365667254556144,17.083333333333318,0.03,2268,378,1890
Time_Morning AND V10_Low AND V17_Low AND V3_Low,Class_Fraud,0.033950617283950615,0.9506172839506173,5.703703703703704,0.027998236331569663,16.875,0.03,2268,378,1890
Time_Afternoon AND V10_Low AND V12_Low AND V14_Low AND V16_Low,Class_Fraud,0.033950617283950615,0.9506172839506173,5.703703703703704,0.027998236331569663,16.875,0.03,2268,378,1890
Time_Afternoon AND V12_Low AND V16_Low AND V17_Low AND V3_Low,Class_Fraud,0.033950617283950615,0.9506172839506173,5.703703703703704,0.027998236331569663,16.875,0.03,2268,378,1890
V14_Low AND V16_Low AND V17_Low AND V3_Low,Class_Fraud,0.12654320987654322,0.9503311258278146,5.701986754966888,0.10435038212815992,16.777777777777807,0.03,2268,378,1890
Amount_Low AND V10_Low AND V16_Low AND V17_Low,Class_Fraud,0.06701940035273368,0.95,5.7,0.05526161081716637,16.666666666666654,0.03,2268,378,1890
Amount_Low AND V12_Low AND V14_Low AND V16_Low AND V17_Low,Class_Fraud,0.06657848324514991,0.949685534591195,5.69811320754717,0.05489417989417989,16.562500000000004,0.03,2268,378,1890
Time_Night AND V10_Low AND V16_Low AND V3_Low,Class_Fraud,0.03306878306878307,0.9493670886075949,5.69620253164557,0.02726337448559671,16.458333333333318,0.03,2268,378,1890
Time_Night AND V10_Low AND V12_Low AND V16_Low AND V3_Low,Class_Fraud,0.03306878306878307,0.9493670886075949,5.69620253164557,0.02726337448559671,16.458333333333318,0.03,2268,378,1890
Amount_Medium AND V12_Low AND V14_Low AND V16_Low AND V3_Low,Class_Fraud,0.041005291005291,0.9489795918367347,5.6938775510204085,0.03380364491475602,16.33333333333335,0.03,2268,378,1890
Amount_Low AND V12_Low AND V16_Low AND V17_Low AND V3_Low,Class_Fraud,0.06746031746031746,0.9444444444444444,5.666666666666667,0.05555555555555555,14.999999999999995,0.03,2268,378,1890
Time_Morning AND V14_Low AND V16_Low AND V17_Low AND V3_Low,Class_Fraud,0.034832451499118164,0.9404761904761905,5.642857142857143,0.028659611992945325,13.999999999999998,0.03,2268,378,1890
Amount_Medium AND V12_Low AND V16_Low AND V17_Low,Class_Fraud,0.041005291005291,0.9393939393939394,5.636363636363637,0.03373015873015873,13.750000000000012,0.03,2268,378,1890
Time_Afternoon AND V12_Low AND V14_Low AND V16_Low AND V17_Low,Class_Fraud,0.033950617283950615,0.9390243902439024,5.634146341463414,0.02792475014697237,13.666666666666655,0.03,2268,378,1890
Time_Night AND V10_Low AND V17_Low,Class_Fraud,0.031746031746031744,0.935064935064935,5.6103896103896105,0.026087595532039976,12.83333333333333,0.03,2268,378,1890
Amount_Low AND V14_Low AND V16_Low AND V17_Low AND V3_Low,Class_Fraud,0.06657848324514991,0.9320987654320988,5.5925925925925934,0.054673721340388004,12.272727272727279,0.03,2268,378,1890
Time_Morning AND V12_Low AND V16_Low AND V17_Low,Class_Fraud,0.03571428571428571,0.9310344827586207,5.586206896551724,0.029320987654320986,12.083333333333329,0.03,2268,378,1890
Amount_Low AND V10_Low AND V16_Low AND V3_Low,Class_Fraud,0.07054673721340388,0.9302325581395349,5.5813953488372094,0.05790711346266902,11.944444444444443,0.03,2268,378,1890
Time_Morning AND V10_Low AND V12_Low AND V17_Low,Class_Fraud,0.03439153439153439,0.9285714285714286,5.571428571428572,0.02821869488536155,11.666666666666673,0.03,2268,378,1890
Amount_Medium AND V10_Low AND V12_Low AND V17_Low,Class_Fraud,0.03968253968253968,0.9278350515463918,5.567010309278351,0.032554379776602,11.547619047619053,0.03,2268,378,1890
Time_Afternoon AND V14_Low AND V16_Low AND V17_Low AND V3_Low,Class_Fraud,0.033950617283950615,0.927710843373494,5.566265060240964,0.027851263962375073,11.527777777777777,0.03,2268,378,1890
Amount_Low AND V10_Low AND V12_Low AND V17_Low,Class_Fraud,0.06701940035273368,0.926829268292683,5.560975609756098,0.05496766607877719,11.388888888888896,0.03,2268,378,1890
V10_Low AND V16_Low AND V17_Low,Class_Fraud,0.12610229276895943,0.9255663430420711,5.5533980582524265,0.10339506172839505,11.195652173913027,0.03,2268,378,1890
Time_Night AND V14_Low AND V3_Low,Class_Fraud,0.036155202821869487,0.9213483146067416,5.52808988764045,0.02961493239271017,10.5952380952381,0.03,2268,378,1890
V10_Low AND V17_Low AND V3_Low,Class_Fraud,0.12610229276895943,0.9196141479099678,5.517684887459807,0.10324808935920046,10.366666666666656,0.03,2268,378,1890
V12_Low AND V16_Low AND V17_Low,Class_Fraud,0.12874779541446207,0.9182389937106918,5.5094339622641515,0.10537918871252204,10.192307692307695,0.03,2268,378,1890
Time_Afternoon AND V10_Low AND V17_Low AND V3_Low,Class_Fraud,0.03439153439153439,0.9176470588235294,5.5058823529411764,0.028145208700764257,10.119047619047615,0.03,2268,378,1890
V14_Low AND V17_Low AND V3_Low,Class_Fraud,0.12742504409171077,0.9174603174603174,5.504761904761905,0.10427689594356263,10.096153846153841,0.03,2268,378,1890
Time_Afternoon AND V12_Low AND V14_Low AND V16_Low AND V3_Low,Class_Fraud,0.033950617283950615,0.9166666666666666,5.5,0.027777777777777776,9.999999999999996,0.03,2268,378,1890
Time_Night AND V12_Low AND V17_Low,Class_Fraud,0.03306878306878307,0.9146341463414634,5.487804878048781,0.02704291593180482,9.761904761904766,0.03,2268,378,1890
Time_Night AND V12_Low AND V14_Low,Class_Fraud,0.03659611992945326,0.9120879120879121,5.472527472527473,0.029908877131099354,9.479166666666664,0.03,2268,378,1890
Amount_Medium AND V12_Low AND V14_Low AND V17_Low,Class_Fraud,0.041005291005291,0.9117647058823529,5.470588235294118,0.03350970017636684,9.444444444444443,0.03,2268,378,1890
V10_Low AND V12_Low AND V17_Low,Class_Fraud,0.12654320987654322,0.9111111111111111,5.466666666666667,0.10339506172839508,9.374999999999998,0.03,2268,378,1890
Amount_Medium AND V12_Low AND V17_Low AND V3_Low,Class_Fraud,0.04056437389770723,0.9108910891089109,5.465346534653466,0.03314226925338036,9.351851851851855,0.03,2268,378,1890
Amount_Low AND V14_Low AND V17_Low AND V3_Low,Class_Fraud,0.06657848324514991,0.9096385542168675,5.457831325301205,0.054379776601998824,9.222222222222221,0.03,2268,378,1890
Amount_Low AND V10_Low AND V14_Low AND V16_Low,Class_Fraud,0.0701058201058201,0.9085714285714286,5.451428571428572,0.057245737801293356,9.114583333333336,0.03,2268,378,1890
Amount_Low AND V12_Low AND V14_Low AND V16_Low,Class_Fraud,0.0701058201058201,0.9085714285714286,5.451428571428572,0.057245737801293356,9.114583333333336,0.03,2268,378,1890
Time_Morning AND V14_Low AND V17_Low AND V3_Low,Class_Fraud,0.034832451499118164,0.9080459770114943,5.448275862068966,0.028439153439153438,9.0625,0.03,2268,378,1890
Time_Night AND V10_Low AND V12_Low AND V3_Low,Class_Fraud,0.03439153439153439,0.9069767441860465,5.441860465116279,0.02807172251616696,8.958333333333329,0.03,2268,378,1890
Amount_Low AND V12_Low AND V17_Low AND V3_Low,Class_Fraud,0.06790123456790123,0.9058823529411765,5.435294117647059,0.055408583186360966,8.854166666666668,0.03,2268,378,1890
V10_Low AND V12_Low AND V14_Low AND V3_Low,Class_Fraud,0.1384479717813051,0.9022988505747126,5.413793103448276,0.1128747795414462,8.529411764705879,0.03,2268,378,1890
Time_Morning AND V10_Low AND V12_Low AND V16_Low,Class_Fraud,0.03659611992945326,0.9021739130434783,5.41304347826087,0.029835390946502057,8.518518518518519,0.03,2268,378,1890
Amount_Medium AND V14_Low AND V17_Low AND V3_Low,Class_Fraud,0.04056437389770723,0.9019607843137255,5.411764705882353,0.03306878306878307,8.500000000000002,0.03,2268,378,1890
Time_Morning AND V14_Low AND V16_Low AND V3_Low,Class_Fraud,0.036155202821869487,0.9010989010989011,5.406593406593407,0.02946796002351558,8.425925925925927,0.03,2268,378,1890
Amount_Medium AND V10_Low AND V12_Low AND V14_Low AND V3_Low,Class_Fraud,0.03968253968253968,0.9,5.4,0.03233392122281011,8.333333333333336,0.03,2268,378,1890
V12_Low AND V17_Low AND V3_Low,Class_Fraud,0.12962962962962962,0.8990825688073394,5.394495412844036,0.10559964726631393,8.257575757575752,0.03,2268,378,1890
Amount_Low AND V10_Low AND V12_Low AND V14_Low AND V3_Low,Class_Fraud,0.07848324514991181,0.898989898989899,5.3939393939393945,0.06393298059964726,8.250000000000002,0.03,2268,378,1890
Time_Morning AND V12_Low AND V17_Low AND V3_Low,Class_Fraud,0.03527336860670194,0.898876404494382,5.393258426966292,0.02873309817754262,8.240740740740739,0.03,2268,378,1890
Amount_Low AND V10_Low AND V14_Low AND V17_Low,Class_Fraud,0.06613756613756613,0.8982035928143712,5.389221556886228,0.05386537330981775,8.18627450980392,0.03,2268,378,1890
Time_Afternoon AND V10_Low AND V12_Low AND V14_Low AND V3_Low,Class_Fraud,0.03835978835978836,0.8969072164948454,5.381443298969073,0.031231628453850677,8.083333333333336,0.03,2268,378,1890
Time_Afternoon AND V14_Low AND V17_Low AND V3_Low,Class_Fraud,0.03439153439153439,0.896551724137931,5.379310344827586,0.027998236331569663,8.055555555555557,0.03,2268,378,1890
Time_Night AND V10_Low AND V3_Low,Class_Fraud,0.03439153439153439,0.896551724137931,5.379310344827586,0.027998236331569663,8.055555555555557,0.03,2268,378,1890
Time_Night AND V12_Low AND V16_Low AND V3_Low,Class_Fraud,0.033950617283950615,0.8953488372093024,5.372093023255815,0.027630805408583186,7.962962962962966,0.03,2268,378,1890
Amount_Low AND V12_Low AND V16_Low AND V17_Low,Class_Fraud,0.06746031746031746,0.8947368421052632,5.36842105263158,0.05489417989417989,7.916666666666668,0.03,2268,378,1890
Time_Morning AND V10_Low AND V12_Low AND V14_Low AND V3_Low,Class_Fraud,0.03747795414462081,0.8947368421052632,5.36842105263158,0.03049676660787772,7.916666666666668,0.03,2268,378,1890
V10_Low AND V16_Low AND V3_Low,Class_Fraud,0.1300705467372134,0.893939393939394,5.363636363636364,0.10582010582010583,7.857142857142865,0.03,2268,378,1890
V12_Low AND V14_Low AND V17_Low,Class_Fraud,0.12786596119929453,0.8923076923076922,5.3538461538461535,0.10398295120517342,7.738095238095234,0.03,2268,378,1890
V14_Low AND V16_Low AND V17_Low,Class_Fraud,0.12698412698412698,0.8916408668730649,5.34984520123839,0.10324808935920046,7.690476190476181,0.03,2268,378,1890
Amount_Medium AND V10_Low AND V16_Low AND V17_Low,Class_Fraud,0.03968253968253968,0.8910891089108911,5.346534653465347,0.03226043503821281,7.651515151515153,0.03,2268,378,1890
Amount_Medium AND V10_Low AND V17_Low AND V3_Low,Class_Fraud,0.039241622574955906,0.89,5.340000000000001,0.03189300411522634,7.575757575757577,0.03,2268,378,1890
V10_Low AND V14_Low AND V17_Low,Class_Fraud,0.12610229276895943,0.8881987577639752,5.329192546583851,0.10243974132863021,7.453703703703705,0.03,2268,378,1890
Time_Afternoon AND V10_Low AND V14_Low AND V17_Low,Class_Fraud,0.03439153439153439,0.8863636363636364,5.318181818181818,0.02792475014697237,7.333333333333333,0.03,2268,378,1890
V14_Low AND V16_Low AND V3_Low,Class_Fraud,0.13051146384479717,0.8862275449101796,5.317365269461078,0.1059670781893004,7.324561403508771,0.03,2268,378,1890
Time_Afternoon AND V10_Low AND V16_Low AND V17_Low,Class_Fraud,0.033950617283950615,0.8850574712643678,5.310344827586207,0.02755731922398589,7.250000000000002,0.03,2268,378,1890
Time_Night AND V16_Low AND V3_Low,Class_Fraud,0.033950617283950615,0.8850574712643678,5.310344827586207,0.02755731922398589,7.250000000000002,0.03,2268,378,1890
V10_Low AND V14_Low AND V16_Low,Class_Fraud,0.13051146384479717,0.8835820895522387,5.3014925373134325,0.10589359200470311,7.158119658119653,0.03,2268,378,1890
Amount_Medium AND V10_Low AND V14_Low AND V17_Low,Class_Fraud,0.040123456790123455,0.883495145631068,5.300970873786408,0.032554379776602,7.152777777777781,0.03,2268,378,1890
Time_Afternoon AND V10_Low AND V12_Low AND V3_Low,Class_Fraud,0.03835978835978836,0.8787878787878788,5.272727272727273,0.031084656084656083,6.875,0.03,2268,378,1890
Amount_Low AND V14_Low AND V16_Low AND V17_Low,Class_Fraud,0.06657848324514991,0.877906976744186,5.267441860465117,0.05393885949441505,6.825396825396826,0.03,2268,378,1890
Time_Afternoon AND V12_Low AND V17_Low AND V3_Low,Class_Fraud,0.034832451499118164,0.8777777777777778,5.266666666666667,0.02821869488536155,6.818181818181818,0.03,2268,378,1890
Amount_Medium AND V14_Low AND V16_Low AND V17_Low,Class_Fraud,0.041005291005291,0.8773584905660378,5.264150943396227,0.03321575543797766,6.7948717948717965,0.03,2268,378,1890
Time_Afternoon AND V10_Low AND V14_Low AND V16_Low,Class_Fraud,0.03439153439153439,0.8764044943820225,5.258426966292135,0.027851263962375073,6.742424242424244,0.03,2268,378,1890
Time_Afternoon AND V10_Low AND V12_Low AND V17_Low,Class_Fraud,0.03439153439153439,0.8764044943820225,5.258426966292135,0.027851263962375073,6.742424242424244,0.03,2268,378,1890
Amount_Medium AND V10_Low AND V16_Low AND V3_Low,Class_Fraud,0.03968253968253968,0.8737864077669902,5.242718446601942,0.032113462669018225,6.6025641025641,0.03,2268,378,1890
Amount_Low AND V14_Low AND V16_Low AND V3_Low,Class_Fraud,0.0701058201058201,0.8736263736263736,5.241758241758242,0.05673133450911229,6.5942028985507255,0.03,2268,378,1890
Amount_Low AND V12_Low AND V14_Low AND V17_Low,Class_Fraud,0.06657848324514991,0.8728323699421965,5.236994219653179,0.05386537330981775,6.553030303030301,0.03,2268,378,1890
Time_Morning AND V14_Low AND V16_Low AND V17_Low,Class_Fraud,0.03527336860670194,0.8695652173913043,5.217391304347826,0.028512639623750734,6.388888888888888,0.03,2268,378,1890
Amount_Medium AND V14_Low AND V16_Low AND V3_Low,Class_Fraud,0.041005291005291,0.8691588785046729,5.214953271028038,0.03314226925338036,6.369047619047619,0.03,2268,378,1890
Time_Morning AND V12_Low AND V14_Low AND V16_Low,Class_Fraud,0.03747795414462081,0.8673469387755102,5.204081632653061,0.03027630805408583,6.282051282051281,0.03,2268,378,1890
Amount_Medium AND V10_Low AND V12_Low AND V3_Low,Class_Fraud,0.03968253968253968,0.8653846153846154,5.1923076923076925,0.032039976484420925,6.1904761904761925,0.03,2268,378,1890
Time_Afternoon AND V14_Low AND V16_Low AND V17_Low,Class_Fraud,0.033950617283950615,0.8651685393258427,5.191011235955057,0.0274103468547913,6.180555555555556,0.03,2268,378,1890
V12_Low AND V14_Low AND V16_Low,Class_Fraud,0.13227513227513227,0.8620689655172413,5.172413793103448,0.10670194003527336,6.041666666666664,0.03,2268,378,1890
Time_Morning AND V10_Low AND V16_Low AND V3_Low,Class_Fraud,0.03571428571428571,0.8617021276595744,5.170212765957447,0.02880658436213992,6.025641025641025,0.03,2268,378,1890
Amount_Low AND V10_Low AND V12_Low AND V16_Low,Class_Fraud,0.07054673721340388,0.8602150537634409,5.161290322580646,0.056878306878306875,5.961538461538463,0.03,2268,378,1890
Time_Morning AND V12_Low AND V14_Low AND V17_Low,Class_Fraud,0.03527336860670194,0.8602150537634409,5.161290322580646,0.028439153439153438,5.961538461538463,0.03,2268,378,1890
Time_Afternoon AND V12_Low AND V14_Low AND V17_Low,Class_Fraud,0.03439153439153439,0.8571428571428571,5.142857142857143,0.027704291593180483,5.833333333333331,0.03,2268,378,1890
Time_Afternoon AND V10_Low AND V16_Low AND V3_Low,Class_Fraud,0.033950617283950615,0.8555555555555555,5.133333333333334,0.027336860670194002,5.769230769230767,0.03,2268,378,1890
Time_Afternoon AND V10_Low AND V12_Low AND V16_Low,Class_Fraud,0.033950617283950615,0.8555555555555555,5.133333333333334,0.027336860670194002,5.769230769230767,0.03,2268,378,1890
Time_Afternoon AND V12_Low AND V16_Low AND V17_Low,Class_Fraud,0.033950617283950615,0.8555555555555555,5.133333333333334,0.027336860670194002,5.769230769230767,0.03,2268,378,1890
Time_Morning AND V10_Low AND V14_Low AND V16_Low,Class_Fraud,0.036155202821869487,0.8541666666666666,5.125,0.0291005291005291,5.7142857142857135,0.03,2268,378,1890
Amount_Low AND V10_Low AND V12_Low AND V3_Low,Class_Fraud,0.07936507936507936,0.8530805687203792,5.118483412322275,0.06385949441504997,5.67204301075269,0.03,2268,378,1890
V10_Low AND V12_Low AND V3_Low,Class_Fraud,0.13977072310405644,0.8521505376344087,5.112903225806453,0.11243386243386244,5.636363636363642,0.03,2268,378,1890
Time_Night AND V14_Low,Class_Fraud,0.037037037037037035,0.8484848484848485,5.090909090909092,0.02976190476190476,5.500000000000001,0.03,2268,378,1890
Amount_Low AND V12_Low AND V16_Low AND V3_Low,Class_Fraud,0.07142857142857142,0.8481675392670157,5.0890052356020945,0.05739271017048794,5.488505747126437,0.03,2268,378,1890
Time_Morning AND V10_Low AND V14_Low AND V17_Low,Class_Fraud,0.03439153439153439,0.8478260869565217,5.086956521739131,0.027630805408583186,5.476190476190476,0.03,2268,378,1890
Amount_Low AND V16_Low AND V17_Low AND V3_Low,Class_Fraud,0.06746031746031746,0.8453038674033149,5.071823204419889,0.054159318048206936,5.38690476190476,0.03,2268,378,1890
Amount_Medium AND V10_Low AND V14_Low AND V16_Low,Class_Fraud,0.040123456790123455,0.8425925925925926,5.055555555555555,0.03218694885361552,5.2941176470588225,0.03,2268,378,1890
V16_Low AND V17_Low AND V3_Low,Class_Fraud,0.1283068783068783,0.8386167146974064,5.031700288184439,0.1028071722516167,5.163690476190478,0.03,2268,378,1890
V10_Low AND V12_Low AND V16_Low,Class_Fraud,0.13095238095238096,0.8366197183098592,5.019718309859155,0.10486478542034099,5.100574712643678,0.03,2268,378,1890
Time_Morning AND V10_Low AND V12_Low AND V3_Low,Class_Fraud,0.03791887125220458,0.8349514563106796,5.009708737864078,0.030349794238683128,5.049019607843136,0.03,2268,378,1890
Amount_Low AND V12_Low AND V14_Low AND V3_Low,Class_Fraud,0.08068783068783068,0.8318181818181818,4.990909090909091,0.06452087007642562,4.954954954954954,0.03,2268,378,1890
Time_Afternoon AND V12_Low AND V14_Low AND V16_Low,Class_Fraud,0.03439153439153439,0.8297872340425532,4.9787234042553195,0.027483833039388596,4.895833333333333,0.03,2268,378,1890
Time_Morning AND V12_Low AND V16_Low AND V3_Low,Class_Fraud,0.03791887125220458,0.8269230769230769,4.961538461538462,0.03027630805408583,4.814814814814814,0.03,2268,378,1890
Time_Morning AND V16_Low AND V17_Low AND V3_Low,Class_Fraud,0.03527336860670194,0.8247422680412371,4.948453608247423,0.028145208700764257,4.754901960784313,0.03,2268,378,1890
Amount_Medium AND V10_Low AND V12_Low AND V16_Low,Class_Fraud,0.040123456790123455,0.8198198198198198,4.918918918918919,0.03196649029982363,4.624999999999999,0.03,2268,378,1890
Amount_Low AND V10_Low AND V12_Low AND V14_Low,Class_Fraud,0.08024691358024691,0.8161434977578476,4.896860986547086,0.06385949441504997,4.532520325203253,0.03,2268,378,1890
Amount_Medium AND V10_Low AND V12_Low AND V14_Low,Class_Fraud,0.041005291005291,0.8157894736842105,4.894736842105264,0.03262786596119929,4.523809523809524,0.03,2268,378,1890
V10_Low AND V12_Low AND V14_Low,Class_Fraud,0.1424162257495591,0.8156565656565657,4.8939393939393945,0.11331569664902999,4.5205479452054815,0.03,2268,378,1890
Time_Morning AND V12_Low AND V14_Low AND V3_Low,Class_Fraud,0.03880070546737213,0.8148148148148148,4.888888888888889,0.030864197530864196,4.499999999999999,0.03,2268,378,1890
V12_Low AND V14_Low AND V3_Low,Class_Fraud,0.14329805996472664,0.8145363408521303,4.887218045112783,0.11397707231040566,4.493243243243244,0.03,2268,378,1890
Time_Morning AND V10_Low AND V12_Low AND V14_Low,Class_Fraud,0.03835978835978836,0.8130841121495327,4.878504672897196,0.03049676660787772,4.458333333333333,0.03,2268,378,1890
Time_Afternoon AND V14_Low AND V16_Low AND V3_Low,Class_Fraud,0.033950617283950615,0.8020833333333334,4.812500000000001,0.026895943562610228,4.210526315789474,0.03,2268,378,1890
Time_Afternoon AND V16_Low AND V17_Low AND V3_Low,Class_Fraud,0.033950617283950615,0.8020833333333334,4.812500000000001,0.026895943562610228,4.210526315789474,0.03,2268,378,1890
V12_Low AND V16_Low AND V3_Low,Class_Fraud,0.1335978835978836,0.8015873015873016,4.80952380952381,0.10582010582010583,4.200000000000001,0.03,2268,378,1890
Time_Night AND V17_Low,Class_Fraud,0.03306878306878307,0.7978723404255319,4.787234042553192,0.026161081716637273,4.12280701754386,0.03,2268,378,1890
Amount_Medium AND V16_Low AND V17_Low AND V3_Low,Class_Fraud,0.04056437389770723,0.7863247863247863,4.717948717948718,0.03196649029982363,3.9,0.03,2268,378,1890
Amount_Medium AND V12_Low AND V14_Low AND V3_Low,Class_Fraud,0.04144620811287478,0.7833333333333333,4.7,0.03262786596119929,3.8461538461538463,0.03,2268,378,1890
Amount_Medium AND V12_Low AND V14_Low AND V16_Low,Class_Fraud,0.042328042328042326,0.7804878048780488,4.682926829268293,0.033289241622574954,3.7962962962962967,0.03,2268,378,1890
Time_Afternoon AND V12_Low AND V16_Low AND V3_Low,Class_Fraud,0.033950617283950615,0.77,4.62,0.026601998824221047,3.623188405797102,0.03,2268,378,1890
Time_Evening AND V12_Low AND V14_Low AND V3_Low,Class_Fraud,0.03042328042328042,0.7666666666666667,4.6000000000000005,0.023809523809523808,3.5714285714285725,0.03,2268,378,1890
Amount_Medium AND V10_Low AND V14_Low AND V3_Low,Class_Fraud,0.041005291005291,0.7622950819672131,4.573770491803279,0.03203997648442093,3.505747126436781,0.03,2268,378,1890
Time_Afternoon AND V10_Low AND V12_Low AND V14_Low,Class_Fraud,0.039241622574955906,0.7606837606837606,4.564102564102564,0.03064373897707231,3.4821428571428568,0.03,2268,378,1890
Time_Night AND V12_Low AND V3_Low,Class_Fraud,0.037037037037037035,0.7567567567567568,4.540540540540541,0.028880070546737212,3.4259259259259265,0.03,2268,378,1890
Time_Morning AND V10_Low AND V14_Low AND V3_Low,Class_Fraud,0.03791887125220458,0.7543859649122807,4.526315789473685,0.029541446208112873,3.3928571428571432,0.03,2268,378,1890
V10_Low AND V14_Low AND V3_Low,Class_Fraud,0.1424162257495591,0.7511627906976744,4.506976744186047,0.11081716637272193,3.3489096573208728,0.03,2268,378,1890
Amount_Low AND V16_Low AND V17_Low,Class_Fraud,0.06746031746031746,0.75,4.5,0.05246913580246913,3.3333333333333335,0.03,2268,378,1890
Time_Afternoon AND V12_Low AND V14_Low AND V3_Low,Class_Fraud,0.03835978835978836,0.75,4.5,0.029835390946502057,3.3333333333333335,0.03,2268,378,1890
Time_Evening AND V10_Low AND V12_Low AND V14_Low,Class_Fraud,0.03042328042328042,0.75,4.5,0.023662551440329218,3.3333333333333335,0.03,2268,378,1890
Time_Morning AND V16_Low AND V17_Low,Class_Fraud,0.03571428571428571,0.7431192660550459,4.458715596330276,0.027704291593180483,3.244047619047619,0.03,2268,378,1890
Amount_Medium AND V12_Low AND V16_Low AND V3_Low,Class_Fraud,0.041005291005291,0.7380952380952381,4.428571428571429,0.031746031746031744,3.1818181818181825,0.03,2268,378,1890
V16_Low AND V17_Low,Class_Fraud,0.12874779541446207,0.7281795511221945,4.369077306733167,0.0992798353909465,3.0657492354740055,0.03,2268,378,1890
Time_Night AND V10_Low AND V12_Low AND V16_Low,Class_Fraud,0.03306878306878307,0.7281553398058253,4.368932038834952,0.02549970605526161,3.0654761904761907,0.03,2268,378,1890
Amount_Low AND V10_Low AND V14_Low AND V3_Low,Class_Fraud,0.08024691358024691,0.7250996015936255,4.350597609561754,0.061801881246325685,3.0314009661835755,0.03,2268,378,1890
Time_Afternoon AND V10_Low AND V14_Low AND V3_Low,Class_Fraud,0.039241622574955906,0.712,4.272,0.030055849500293944,2.893518518518518,0.03,2268,378,1890
Time_Night AND V3_Low,Class_Fraud,0.03747795414462081,0.7083333333333334,4.250000000000001,0.028659611992945325,2.8571428571428577,0.03,2268,378,1890
Time_Morning AND V12_Low AND V17_Low,Class_Fraud,0.03571428571428571,0.7043478260869566,4.22608695652174,0.02726337448559671,2.818627450980393,0.03,2268,378,1890
Amount_Low AND V10_Low AND V16_Low,Class_Fraud,0.07098765432098765,0.6939655172413793,4.163793103448277,0.05393885949441505,2.723004694835681,0.03,2268,378,1890
Amount_Low AND V12_Low AND V17_Low,Class_Fraud,0.068342151675485,0.6919642857142857,4.151785714285714,0.05188124632569077,2.7053140096618358,0.03,2268,378,1890
Time_Afternoon AND V14_Low AND V17_Low,Class_Fraud,0.03439153439153439,0.6902654867256637,4.1415929203539825,0.026087595532039976,2.6904761904761902,0.03,2268,378,1890
V14_Low AND V17_Low,Class_Fraud,0.1283068783068783,0.6895734597156399,4.13744075829384,0.09729570840681953,2.6844783715012728,0.03,2268,378,1890
V12_Low AND V17_Low,Class_Fraud,0.13051146384479717,0.6883720930232559,4.130232558139536,0.09891240446796001,2.6741293532338313,0.03,2268,378,1890
Amount_Low AND V14_Low AND V16_Low,Class_Fraud,0.07098765432098765,0.688034188034188,4.128205128205129,0.053791887125220456,2.671232876712329,0.03,2268,378,1890
Time_Night AND V10_Low AND V16_Low,Class_Fraud,0.03306878306878307,0.6818181818181818,4.090909090909091,0.02498530276308054,2.6190476190476186,0.03,2268,378,1890
Amount_Low AND V14_Low AND V17_Low,Class_Fraud,0.06657848324514991,0.6771300448430493,4.062780269058296,0.05019106407995297,2.581018518518518,0.03,2268,378,1890
Amount_Low AND V12_Low AND V3_Low,Class_Fraud,0.08245149911816578,0.6702508960573477,4.021505376344086,0.06194885361552028,2.5271739130434785,0.03,2268,378,1890
Amount_Low AND V10_Low AND V17_Low,Class_Fraud,0.06701940035273368,0.6696035242290749,4.0176211453744495,0.050338036449147555,2.522222222222222,0.03,2268,378,1890
Amount_Medium AND V14_Low AND V17_Low,Class_Fraud,0.04144620811287478,0.6666666666666666,4.0,0.031084656084656083,2.5,0.03,2268,378,1890
Amount_Low AND V12_Low AND V16_Low,Class_Fraud,0.07142857142857142,0.6558704453441295,3.935222672064777,0.05327748383303939,2.4215686274509802,0.03,2268,378,1890
Time_Morning AND V12_Low AND V16_Low,Class_Fraud,0.039241622574955906,0.6544117647058824,3.9264705882352944,0.029247501469723693,2.411347517730497,0.03,2268,378,1890
Amount_Medium AND V12_Low AND V17_Low,Class_Fraud,0.041005291005291,0.6503496503496503,3.902097902097902,0.03049676660787772,2.3833333333333333,0.03,2268,378,1890
Time_Morning AND V10_Low AND V17_Low,Class_Fraud,0.03439153439153439,0.65,3.9000000000000004,0.025573192239858905,2.3809523809523814,0.03,2268,378,1890
Time_Afternoon AND V10_Low AND V12_Low,Class_Fraud,0.039241622574955906,0.6496350364963503,3.897810218978102,0.029174015285126396,2.3784722222222223,0.03,2268,378,1890
V10_Low AND V17_Low,Class_Fraud,0.12742504409171077,0.6479820627802692,3.887892376681615,0.09465020576131689,2.3673036093418265,0.03,2268,378,1890
Time_Night AND V12_Low AND V16_Low,Class_Fraud,0.033950617283950615,0.6470588235294118,3.882352941176471,0.025205761316872428,2.3611111111111116,0.03,2268,378,1890
Amount_Low AND V16_Low AND V3_Low,Class_Fraud,0.0718694885361552,0.6468253968253969,3.8809523809523814,0.05335097001763668,2.3595505617977532,0.03,2268,378,1890
V14_Low AND V16_Low,Class_Fraud,0.13403880070546736,0.6440677966101694,3.864406779661017,0.0993533215755438,2.341269841269841,0.03,2268,378,1890
Time_Afternoon AND V16_Low AND V17_Low,Class_Fraud,0.033950617283950615,0.6416666666666667,3.8500000000000005,0.02513227513227513,2.325581395348838,0.03,2268,378,1890
Amount_Medium AND V16_Low AND V17_Low,Class_Fraud,0.041005291005291,0.6413793103448275,3.848275862068965,0.030349794238683128,2.3237179487179485,0.03,2268,378,1890
Amount_Low AND V12_Low AND V14_Low,Class_Fraud,0.0837742504409171,0.6397306397306397,3.8383838383838382,0.06194885361552028,2.3130841121495327,0.03,2268,378,1890
Amount_Low AND V10_Low AND V3_Low,Class_Fraud,0.08112874779541446,0.6388888888888888,3.833333333333333,0.059964726631393295,2.3076923076923075,0.03,2268,378,1890
Time_Morning AND V14_Low AND V3_Low,Class_Fraud,0.039241622574955906,0.6357142857142857,3.814285714285714,0.02895355673133451,2.287581699346405,0.03,2268,378,1890
Time_Evening AND V10_Low AND V14_Low AND V3_Low,Class_Fraud,0.031746031746031744,0.631578947368421,3.789473684210526,0.023368606701940034,2.261904761904762,0.03,2268,378,1890
Time_Morning AND V14_Low AND V16_Low,Class_Fraud,0.03747795414462081,0.6296296296296297,3.777777777777778,0.02755731922398589,2.2500000000000004,0.03,2268,378,1890
Time_Morning AND V10_Low AND V16_Low,Class_Fraud,0.03659611992945326,0.6287878787878788,3.772727272727273,0.026895943562610228,2.2448979591836737,0.03,2268,378,1890
Time_Evening AND V10_Low AND V12_Low,Class_Fraud,0.03042328042328042,0.6272727272727273,3.763636363636364,0.022339800117577895,2.2357723577235777,0.03,2268,378,1890
Amount_Low AND V10_Low AND V12_Low,Class_Fraud,0.08112874779541446,0.6258503401360545,3.7551020408163267,0.05952380952380952,2.2272727272727275,0.03,2268,378,1890
V10_Low AND V3_Low,Class_Fraud,0.1437389770723104,0.6257197696737044,3.7543186180422263,0.10545267489711933,2.226495726495726,0.03,2268,378,1890
V10_Low AND V16_Low,Class_Fraud,0.1318342151675485,0.6255230125523014,3.7531380753138084,0.09670781893004116,2.2253258845437625,0.03,2268,378,1890
Amount_Medium AND V10_Low AND V3_Low,Class_Fraud,0.041005291005291,0.6241610738255033,3.7449664429530203,0.030055849500293944,2.2172619047619047,0.03,2268,378,1890
Amount_Low AND V17_Low AND V3_Low,Class_Fraud,0.06790123456790123,0.6234817813765182,3.7408906882591095,0.049750146972369194,2.2132616487455197,0.03,2268,378,1890
Time_Morning AND V10_Low AND V12_Low,Class_Fraud,0.03880070546737213,0.6197183098591549,3.7183098591549295,0.028365667254556144,2.191358024691358,0.03,2268,378,1890
V10_Low AND V12_Low,Class_Fraud,0.1437389770723104,0.6174242424242424,3.7045454545454546,0.10493827160493827,2.1782178217821784,0.03,2268,378,1890
Time_Morning AND V14_Low AND V17_Low,Class_Fraud,0.03527336860670194,0.6153846153846154,3.6923076923076925,0.0257201646090535,2.166666666666667,0.03,2268,378,1890
Time_Morning AND V10_Low AND V3_Low,Class_Fraud,0.03835978835978836,0.6126760563380281,3.676056338028169,0.02792475014697237,2.1515151515151514,0.03,2268,378,1890
V12_Low AND V3_Low,Class_Fraud,0.1472663139329806,0.6094890510948905,3.656934306569343,0.10699588477366255,2.133956386292835,0.03,2268,378,1890
V17_Low AND V3_Low,Class_Fraud,0.12962962962962962,0.608695652173913,3.652173913043478,0.0941358024691358,2.1296296296296293,0.03,2268,378,1890
Amount_Medium AND V10_Low AND V12_Low,Class_Fraud,0.041005291005291,0.6078431372549019,3.6470588235294117,0.02976190476190476,2.125,0.03,2268,378,1890
V14_Low AND V3_Low,Class_Fraud,0.1490299823633157,0.6046511627906976,3.627906976744186,0.10795120517342739,2.107843137254902,0.03,2268,378,1890
Time_Afternoon AND V12_Low AND V17_Low,Class_Fraud,0.034832451499118164,0.6030534351145038,3.618320610687023,0.025205761316872428,2.0993589743589745,0.03,2268,378,1890
Time_Morning AND V16_Low AND V3_Low,Class_Fraud,0.03791887125220458,0.6013986013986014,3.6083916083916083,0.0274103468547913,2.090643274853801,0.03,2268,378,1890
Time_Morning AND V12_Low AND V3_Low,Class_Fraud,0.04056437389770723,0.6013071895424836,3.607843137254902,0.029320987654320986,2.0901639344262293,0.03,2268,378,1890
Time_Afternoon AND V10_Low AND V16_Low,Class_Fraud,0.03439153439153439,0.6,3.6,0.02483833039388595,2.0833333333333335,0.03,2268,378,1890
